,Name,Latitude,Longitude,Altitude,zona_allertamento
AGORR,Alpe Gorreto,44.6047,9.2363,915,E
AIROL,Airole,43.87296,7.54484,103,A
ALASS,Alassio,44.00624,8.1693,25,A
ALPIC,Alpicella,44.40667,8.52604,435,B
ALTOM,Alto - Madonna del lago,44.12275,7.99653,1095,A
AMBOR,Amborzasco,44.51447,9.45496,908,E
AREPO,Arenzano-Porto,44.3981,8.68775,3,B
AVOBB,Alpe Vobbia,44.57032,9.07492,1082,E
BARGO,Bargone,44.29506,9.48136,260,C
BELEN,Colle Belenda,43.98152,7.69983,1357,A
BESTA,Bestagno,43.9333,8.0007,281,A
BGNNE,Bagnone,44.30966,9.98416,320,nan
BMARO,Borgomaro,43.97713,7.95315,250,A
BOACM,BOA Capo Mele,43.92167,8.177,0,nan
BOLSN,Bolsine,44.37234,8.57322,26,B
BONUO,Borgonuovo,43.84601,7.62104,115,A
BOROS,Bosco di Rossano,44.30491,9.7975,670,nan
BRATT,Passo del Brattello,44.45624,9.82294,955,nan
BRGEL,Barbagelata,44.48218,9.24202,1100,E
BRUGN,Brugneto Diga,44.53635,9.20544,777,E
BRZON,Borzone,44.42429,9.41013,386,C
BUSAL,Busalla,44.57129,8.94892,358,E
BVARA,Brugnato,44.23132,9.71552,112,C
CABAN,Cabanne,44.4952,9.34647,809,E
CAIRM,Cairo Montenotte,44.40234,8.27224,388,D
CALGR,Calice Ligure - Ca Rosse,44.19573,8.30205,50,A
CALIZ,Calizzano,44.23413,8.11822,647,D
CAMOG,Camogli,44.34704,9.15931,60,B
CAMPL,Campo Ligure,44.54256,8.6939,338,D
CARPG,Carpe - Case Garoni,44.14441,8.1634,445,A
CARRO,Carro,44.27525,9.59772,437,C
CASON,Casoni di Suvero,44.30542,9.76581,1070,C
CASRB,Castelvecchio di R. B.,44.13202,8.11888,432,A
CAVIP,Cavi di Lavagna,44.29669,9.3735,110,C
CCADB,Colle di Cadibona,44.33297,8.38289,385,B
CCHER,Cichero,44.42107,9.32194,615,C
CCORM,Calice al C. - Molunghi,44.24894,9.83869,425,C
CEMBR,Cembrano,44.35237,9.58414,410,C
CENES,Cenesi,44.07678,8.13421,110,A
CERIA,Ceriana,43.87968,7.77388,370,A
CERPG,Passo Ghimbegna,43.90463,7.73328,931,A
CFUNZ,Genova - Centro Funzionale,44.40035,8.94591,30,B
CHIRI,Chiavari,44.31885,9.32978,50,C
CLARI,Castellari,44.14665,8.26235,91,A
CLROS,Colla Rossa,43.83103,7.54322,460,A
CMELO,Colle del Melogno,44.23234,8.20245,1004,A
CNAVA,Colle di Nava,44.08325,7.87331,927,A
CODOG,Colle D'Oggia,43.98131,7.86667,1163,A
COMAN,Comano,44.30385,10.11961,734,nan
CONNA,Conna,43.97923,8.10363,350,A
CRAIN,Cipressa,43.85263,7.92859,285,A
CRCFI,Crocefieschi - Santuario,44.58458,9.01824,762,E
CRETO,Creto,44.47507,9.00714,630,B
CRNLO,Corniolo,44.10632,9.73483,238,C
CRORE,Crocetta di Orero,44.52014,8.98586,470,B
CUCCA,Cuccarello,44.34967,9.69908,835,C
DAVAG,Davagna,44.46781,9.09539,467,B
DEGIR,Dego - Girini,44.45176,8.33939,450,D
DOLCE,Dolcedo,43.9059,7.9515,77,A
ELLRA,Ellera - Foglietto,44.36638,8.4667,80,B
EQUIT,Equi Terme,44.16942,10.14991,250,nan
FABIA,La Spezia - Fabiano,44.09449,9.8097,57,C
FALLA,Fallarosa,44.51715,9.10336,865,E
FERRA,Ferrania,44.36694,8.32248,358,D
FFRES,Fontana Fresca,44.4029,9.09318,791,B
FIORI,Fiorino,44.46494,8.70493,290,B
FRAMU,Framura,44.21359,9.54033,421,C
GEBOL,Genova - Bolzaneto,44.4553,8.89561,47,B
GECER,Genova - Certosa,44.42439,8.88997,30,B
GEFIU,Genova - Fiumara,44.41141,8.88407,18,B
GEGEI,Genova - Geirato,44.45966,8.97959,70,B
GEPCA,Genova - Gavette,44.43439,8.96109,30,B
GEPEG,Genova - Pegli,44.43227,8.8246,69,B
GEPOA,Genova - Porto Antico,44.40816,8.92317,25,B
GEPTX,Genova - Pontedecimo,44.48852,8.9001,75,B
GEQUE,Genova - Quezzi,44.42367,8.9726,200,B
GIACO,Giacopiane - Lago,44.46112,9.38773,1040,C
GOUTA,Sella di Gouta,43.9396,7.60808,1212,A
IERAA,Iera,44.33329,10.03361,538,nan
IMPER,Imperia - Oss. Meteosismico,43.87957,8.01652,71,A
INASV,Savona - Istituto Nautico,44.3062,8.48305,24,B
ISBLL,Albenga - Isolabella,44.06875,8.17956,36,A
ISOVE,Isoverde,44.53013,8.85822,300,B
LAMAC,La Macchia,44.32323,9.61484,270,C
LAPRS,La Presa,44.44076,9.04717,150,B
LAVAG,Lavagnola,44.33492,8.47521,253,B
LAVPO,Lavagna - Porto,44.30691,9.34056,16,C
LERCA,Lerca,44.4035,8.64766,110,B
LEVAN,Levanto,44.17143,9.60677,6,C
LFMTV,La Foce - Mte Viseggi,44.13254,9.7903,350,C
LGIAC,Giacopiane - Diga,44.46268,9.39525,1007,C
LICCN,Licciana Nardi,44.24267,10.00343,121,nan
LOCOC,Loco Carchelli,44.55421,9.28421,600,E
LUNIS,Luni - Provasco,44.07491,10.00899,5,C
LVTSG,Levanto - San Gottardo,44.17888,9.6187,85,C
MADGR,Madonna delle Grazie,44.43344,8.74299,104,B
MALOA,Marina Loano,44.13386,8.26713,25,A
MANIE,Manie,44.19325,8.37883,340,A
MARIN,Marinella di Sarzana,44.05021,10.01409,2,C
MATRA,Mattarana,44.24499,9.61474,470,C
MAZLA,Mazzola,44.21112,10.11688,460,nan
MELEE,Mele,44.47419,8.73312,270,B
MGAZZ,Santuario Monte Gazzo,44.44247,8.84485,310,B
MIGNA,Mignanego,44.54028,8.93816,270,B
MINUC,Minucciano,44.17097,10.20815,666,nan
MLARE,Mallare,44.29318,8.29792,467,D
MMAUR,Monte Maure,43.7933,7.61888,210,A
MNINF,Montenotte Inferiore,44.41259,8.41176,564,D
MOBRA,Albenga - Molino Branca,44.04882,8.21077,6,A
MONTA,Montagna,44.28425,8.37136,253,B
MONTG,Montoggio,44.51561,9.04769,442,E
MONTL,Montalto Ligure,43.93074,7.84202,240,A
MOPEN,Monte Pennello,44.48017,8.79867,980,B
MROCC,Monte Rocchetta,44.07129,9.93842,405,C
MROSS,Monterosso,44.1483,9.6402,75,C
MSETT,Monte Settepani,44.24398,8.19581,1375,D
MTECA,Monte Cappellino,44.54856,8.95422,620,B
MTMEZ,Monte di Mezzo,44.5598,9.43978,1250,E
MTPOR,Monte Portofino,44.32709,9.16912,610,B
MURIA,Murialdo,44.31321,8.15981,523,D
NOVGA,Novegigola,44.22178,9.89976,420,nan
OGNIO,Ognio,44.44372,9.16994,490,C
ONZPO,Onzo - Ponterotto,44.05719,8.04134,115,A
ORERO,Croce Orero,44.42422,9.28492,640,C
OSIGL,Osiglia,44.28647,8.20254,620,D
PANES,Panesi,44.34209,9.35624,25,C
PARAN,Parana,44.28217,9.86331,695,nan
PATIG,Patigno,44.35471,9.76448,744,nan
PBATT,Piana Battolla - Ponte,44.19801,9.84904,48,C
PCERR,Passo del Cerreto,44.30427,10.21676,1250,nan
PDVRM,Padivarma,44.19514,9.77099,75,C
PFEAR,Poggio Fearza,44.04202,7.79343,1845,A
PIAMP,Piampaludo,44.4623,8.58092,882,D
PIGNA,Pigna,43.93209,7.65607,250,A
PIGNO,Casale di Pignone,44.18992,9.71496,175,C
PITLL,Pitelli,44.09562,9.88761,132,C
PNTCA,Pontremoli - La Costa,44.36957,9.89257,340,nan
PNTRM,Pontremoli Depuratore,44.36932,9.88311,226,nan
PORNA,Pornassio,44.06393,7.86644,475,A
PRAIC,Prai,44.51775,8.67306,820,D
PREMA,Premanico,44.41681,9.00911,234,B
PRMLO,Pratomollo,44.47287,9.45876,1520,C
PRTTI,Pian dei Ratti,44.39365,9.27102,70,C
PTECO,Pieve di Teco,44.04952,7.91473,263,A
PTURC,Passo del Turchino,44.48613,8.73602,590,B
PVENE,Portovenere - Comune,44.052,9.83594,40,C
PZGLI,Pizzeglio,43.91862,7.69454,655,A
RANZO,Ranzo,44.06542,8.00433,343,A
RAPAL,Rapallo,44.35453,9.20928,40,C
RCSIG,Rocca Sigillina,44.36665,9.95609,484,nan
REPPI,Reppia,44.37488,9.45774,530,C
RICCO,Ricco' del Golfo,44.15319,9.76373,150,C
RIGHI,Genova - Castellaccio,44.42797,8.93433,360,B
ROCNE,Rocchetta Nervina,43.88859,7.60177,215,A
ROSGL,Rossiglione,44.57232,8.65776,289,D
ROVEG,Rovegno,44.57722,9.28306,650,E
SALBE,Bargagli,44.43845,9.10735,702,B
SANDA,Sanda,44.36189,8.5273,180,B
SANTU,Santuario di Savona,44.34555,8.43753,90,B
SASSL,Sassello,44.48233,8.48572,385,D
SCIAR,Sciarborasca,44.40645,8.62464,225,B
SCURT,Scurtabo',44.40681,9.53384,685,C
SEBOR,Seborga,43.82756,7.6985,550,A
SEGIA,Sella Giassina,44.48758,9.18206,895,C
SEGOD,Sesta Godano,44.29848,9.67751,265,C
SLEVA,Sestri Levante,44.27377,9.40992,10,C
SLPSS,Sestri Levante - PonteSS1,44.26672,9.4259,13,C
SMARG,S. Margherita Ligure,44.3362,9.21045,30,C
SMVAR,S. Margherita Vara,44.2747,9.65964,180,C
SOLIE,Soliera,44.20233,10.06207,107,nan
SPZIA,La Spezia,44.10703,9.82819,35,C
SREMO,Sanremo,43.82265,7.78625,61,A
SRZAN,Sarzana,44.11227,9.96546,26,C
SSGIU,Stella S. Giustina,44.41582,8.48252,349,B
SSTAV,S. Stefano d'Aveto,44.54886,9.45118,1019,E
STALE,Statale,44.35048,9.48082,593,C
STBUR,Stella - Burdone,44.4061,8.50244,570,B
STILA,Genova - S.Ilario,44.384,9.06066,174,B
SZIGN,Sero' di Zignago,44.26434,9.73698,580,C
TAGLT,Taglieto,44.4053,9.6205,895,C
TANOR,Tanadorso,44.61948,8.91803,770,E
TASNI,Tassani,44.29552,9.44927,320,C
TAVRN,Tavarone,44.31274,9.54859,603,C
TESTI,Testico,44.00653,8.03517,439,A
TNDLA,Tendola,44.15601,10.03381,410,nan
TOGAR,Torriglia - Garaventa,44.52931,9.17495,1032,E
TRIOR,Triora,43.99451,7.76242,789,A
TRRIG,Torriglia,44.51685,9.15962,769,E
TURAN,Turano,44.24644,10.15168,500,nan
URVAS,Urbe - Vara Sup.,44.46953,8.62739,810,D
VALIG,Varese Ligure,44.38313,9.5842,345,C
VALZE,Valzemola,44.36959,8.19105,480,D
VBGOR,Valbrevenna - Gorra,44.53176,9.02329,680,E
VERDE,Verdeggia,44.04425,7.72108,1120,A
VERZI,Verzi Loano,44.16397,8.22002,450,A
VFLUN,Villafranca Lunigiana,44.29114,9.94859,121,nan
VICOM,Vicomorasso,44.48555,8.97849,310,B
VIGAN,Viganego,44.42846,9.06348,430,B
VLFOL,Villafranca - Fornoli,44.25042,9.96878,156,nan
VREGI,Valleregia,44.52038,8.94744,407,B
XXMIG,Ventimiglia,43.78777,7.61211,21,A
